payer_id,payer_name,payer_type,ownership_type,country,website
PY001,Payer 1,Private,Government,USA,www.payer1.com
PY002,Payer 2,Government,Government,USA,www.payer2.com
PY003,Payer 3,Private,Government,USA,www.payer3.com
PY004,Payer 4,Private,Commercial,USA,www.payer4.com
PY005,Payer 5,Private,Government,USA,www.payer5.com
PY006,Payer 6,Government,Government,USA,www.payer6.com
PY007,Payer 7,Government,Commercial,USA,www.payer7.com
PY008,Payer 8,Government,Government,USA,www.payer8.com
PY009,Payer 9,Government,Government,USA,www.payer9.com
PY010,Payer 10,Government,Commercial,USA,www.payer10.com
PY011,Payer 11,Private,Commercial,USA,www.payer11.com
PY012,Payer 12,Private,Commercial,USA,www.payer12.com
PY013,Payer 13,Private,Commercial,USA,www.payer13.com
PY014,Payer 14,Government,Commercial,USA,www.payer14.com
PY015,Payer 15,Government,Government,USA,www.payer15.com
